-- animal 초기 데이터
INSERT INTO animal (animal_id, animal_eng_name, animal_kor_name)
VALUES
("TIGER01", "tiger", "호랑이"),
("CAT02", "cat", "고양이"),
("DOG03", "dog", "강아지 "),
("DEER04", "deer", "고라니"),
("PIG05", "pig", "돼지"),
("FOX06", "fox", "여우"),
("SHEEP07", "sheep", "양"),
("WHALE08", "whale", "혹등고래"),
('GEN01', 'general', '일반');

INSERT INTO player_level (`level`, `exp`)
VALUES
(1, 100),
(2, 200),
(3, 400),
(4, 600),
(5, 800),
(6, 1000),
(7, 1400),
(9, 1800),
(10, 2200),
(11, 2800),
(12, 3200),
(13, 4000),
(14, 4800),
(15, 5600),
(16, 6600),
(17, 7600),
(18, 8600),
(19, 10000),
(20, 10000);

-- user 초기 데이터
INSERT INTO `user` (`user_sequence`, `email`, `name`, `nickname`, `password`, `role`, `profile_number`, `user_id`)
VALUES
(101, 'goatfaker@test.com', '이상혁', 'FAKER', '$2a$10$GwlIO8E9M0WdZuRskEBcqOmjNDfl4oqZA76YQ1.hmEpdXjoBlaf7W', 'ADMIN', '000','test1'),
(102, 'keria@test.com', '류민석', '역천괴', '$2a$10$GwlIO8E9M0WdZuRskEBcqOmjNDfl4oqZA76YQ1.hmEpdXjoBlaf7W', 'ADMIN', '37', 'test2'),
(103, 'gumayusi@test.com', '이민형', '구마유시', '$2a$10$GwlIO8E9M0WdZuRskEBcqOmjNDfl4oqZA76YQ1.hmEpdXjoBlaf7W', 'ADMIN', '38', 'test3'),
(104, 'zeus@test.com', '최우제', '제우스', '$2a$10$GwlIO8E9M0WdZuRskEBcqOmjNDfl4oqZA76YQ1.hmEpdXjoBlaf7W', 'ADMIN', '37', 'test4'),
(105, 'madkim@test.com', '문현준', 'Oner', '$2a$10$GwlIO8E9M0WdZuRskEBcqOmjNDfl4oqZA76YQ1.hmEpdXjoBlaf7W', 'ADMIN', '37', 'test5'),
(106, 'hideonbush@test.com', '이상혁', 'hide on bush', '$2a$10$GwlIO8E9M0WdZuRskEBcqOmjNDfl4oqZA76YQ1.hmEpdXjoBlaf7W','ADMIN', '40', 'test6'),

(107, 'madkim@naver.com', '김중광', '미칠광 가운데중', '$2a$10$GwlIO8E9M0WdZuRskEBcqOmjNDfl4oqZA76YQ1.hmEpdXjoBlaf7W', 'USER', '37', 'rlawndrhkd'),
(108, 'kimjae@naver.com', '김재윤', '스프링 시큐리티', '$2a$10$GwlIO8E9M0WdZuRskEBcqOmjNDfl4oqZA76YQ1.hmEpdXjoBlaf7W', 'USER', '39', 'rlawodbs'),
(109, 'smash@naver.com', '김관우', '스매쉬', '$2a$10$GwlIO8E9M0WdZuRskEBcqOmjNDfl4oqZA76YQ1.hmEpdXjoBlaf7W', 'USER', '40','rlarhksdn'),
(110, 'wook@naver.com', '전형욱', '미드오픈', '$2a$10$GwlIO8E9M0WdZuRskEBcqOmjNDfl4oqZA76YQ1.hmEpdXjoBlaf7W', 'USER', '41','wjsguddnr'),
(111, 'hyunsoo@naver.com', '조현수', '존수존수', '$2a$10$GwlIO8E9M0WdZuRskEBcqOmjNDfl4oqZA76YQ1.hmEpdXjoBlaf7W', 'USER', '42','whgustn'),
(112, 'eriksonlg@naver.com', '김기현', '곰돌이 푸우', '$2a$10$GwlIO8E9M0WdZuRskEBcqOmjNDfl4oqZA76YQ1.hmEpdXjoBlaf7W', 'USER', '43', 'rlarlgus'),

(113, 'haley@naver.com', '오지혜', '헤일리', '$2a$10$GwlIO8E9M0WdZuRskEBcqOmjNDfl4oqZA76YQ1.hmEpdXjoBlaf7W', 'USER', '45','dhwlgP'),
(114, 'babyho@naver.com', '유승호', '호승이', '$2a$10$GwlIO8E9M0WdZuRskEBcqOmjNDfl4oqZA76YQ1.hmEpdXjoBlaf7W', 'USER', '46','dbtmdgh'),
(115, 'dadisnotsleeping@naver.com', '조용환', '아빠 안잔다', '$2a$10$GwlIO8E9M0WdZuRskEBcqOmjNDfl4oqZA76YQ1.hmEpdXjoBlaf7W', 'USER', '47', 'whdydghks'),
(116, 'sehee@naver.com', '노세희', '올리비아 핫세', '$2a$10$GwlIO8E9M0WdZuRskEBcqOmjNDfl4oqZA76YQ1.hmEpdXjoBlaf7W', 'USER', '48', 'shtpgml'),
(117, 'youngkimi@naver.com', '김영섭', '반려견', '$2a$10$GwlIO8E9M0WdZuRskEBcqOmjNDfl4oqZA76YQ1.hmEpdXjoBlaf7W', 'USER', '49', 'rladudtjq'),
(118, 'yerim@naver.com', '김예림', '일진 김예림', '$2a$10$GwlIO8E9M0WdZuRskEBcqOmjNDfl4oqZA76YQ1.hmEpdXjoBlaf7W', 'USER', '50', 'rladPfla'),
(119, 'baseball@naver.com', '김병현', '법규형', '$2a$10$GwlIO8E9M0WdZuRskEBcqOmjNDfl4oqZA76YQ1.hmEpdXjoBlaf7W', 'USER', '51', 'rlaqudgus'),
(120, 'jongin32@naver.com', '김종인', '그린빌 탈주자', '$2a$10$GwlIO8E9M0WdZuRskEBcqOmjNDfl4oqZA76YQ1.hmEpdXjoBlaf7W', 'USER', '52', 'rlawhddls'),
(121, 'namkim22@naver.com', '김남준', '남서방', '$2a$10$GwlIO8E9M0WdZuRskEBcqOmjNDfl4oqZA76YQ1.hmEpdXjoBlaf7W', 'USER', '53', 'rlaskawns'),
(122, 'lee123@naver.com', '이승헌', '그린빌 세입자', '$2a$10$GwlIO8E9M0WdZuRskEBcqOmjNDfl4oqZA76YQ1.hmEpdXjoBlaf7W', 'USER', '54', 'dltmdgjs'),
(123, 'lostjeon32g@naver.com', '전은평', '전은평구', '$2a$10$GwlIO8E9M0WdZuRskEBcqOmjNDfl4oqZA76YQ1.hmEpdXjoBlaf7W', 'USER', '55', 'wjsdmsvud'),

(124, 'jeni@naver.com', '제니', '블랙핑크', '$2a$10$GwlIO8E9M0WdZuRskEBcqOmjNDfl4oqZA76YQ1.hmEpdXjoBlaf7W', 'USER', '56','wpsl'),
(125, 'newjeans@naver.com', '민지', '뉴진스', '$2a$10$GwlIO8E9M0WdZuRskEBcqOmjNDfl4oqZA76YQ1.hmEpdXjoBlaf7W', 'USER', '57','alswl'),
(126, 'dahyun@naver.com', '다현', '트와이스', '$2a$10$GwlIO8E9M0WdZuRskEBcqOmjNDfl4oqZA76YQ1.hmEpdXjoBlaf7W', 'USER', '58','ekgus'),
(127, 'btskim@naver.com', '김남준', 'RM', '$2a$10$GwlIO8E9M0WdZuRskEBcqOmjNDfl4oqZA76YQ1.hmEpdXjoBlaf7W', 'USER', '59','rlaskawns2'),

(128, 'han406@naver.com', '한기철', '베스트 컨설턴트', '$2a$10$GwlIO8E9M0WdZuRskEBcqOmjNDfl4oqZA76YQ1.hmEpdXjoBlaf7W', 'USER', '63','han406'),
(129, 'lee406@naver.com', '이슬기', '베스트 코치', '$2a$10$GwlIO8E9M0WdZuRskEBcqOmjNDfl4oqZA76YQ1.hmEpdXjoBlaf7W', 'USER', '64','lee406'),
(130, 'kim406@naver.com', '김보경', '프라이머리 코치', '$2a$10$GwlIO8E9M0WdZuRskEBcqOmjNDfl4oqZA76YQ1.hmEpdXjoBlaf7W', 'USER', '65','kim406');


-- player 테이블 초기 데이터
INSERT INTO player (player_sequence, attack_score, defense_score, pass_score, total_round, total_turn, total_pass, exp, player_level, user_sequence)
VALUES
(1, 85.0, 90.5, 78.2, 15, 10, 10, 1123, 7, 101), (2, 78.5, 88.0, 92.3, 20, 15, 10, 888, 6, 102), (3, 92.8, 85.5, 80.1, 18, 12, 10, 800, 6, 103),
(4, 185.0, 77.5, 71.2, 35, 10, 10, 790, 5, 104), (5, 54.5, 5.0, 12.3, 20, 15, 10, 520, 4, 105), (6, 77.8, 32.5, 180.1, 18, 12, 10, 380, 3, 106),
(7, 25.0, 91.5, 118.2, 15, 10, 10, 320, 3, 107), (8, 45.5, 33.0, 92.3, 20, 15, 10, 222, 3, 108), (9, 19.8, 12.5, 180.1, 18, 12, 10, 120, 2, 109),
(10, 185.0, 110.5, 68.1, 15, 10, 10, 190, 2, 110), (11, 33.5, 18.0, 12.3, 20, 15, 10, 299, 3, 111), (12, 44.8, 5.5, 83.1, 18, 12, 10, 288, 3, 112),
(13, 56.0, 10.5, 79.2, 15, 10, 10, 235, 3, 113), (14, 88.5, 28.0, 91.3, 20, 15, 10, 255, 3,114), (15, 21.2, 75.5, 81.1, 18, 12, 10, 188, 2, 115),
(16, 33.0, 12.5, 79.2, 13, 12, 11, 88, 1, 116), (17, 55.5, 22.0, 53.3, 10, 11, 8, 77, 1, 117), (18, 17.2, 65.5, 31.1, 18, 12, 30, 122, 2, 118),
(19, 56.0, 10.5, 9.2, 15, 10, 10, 111, 2, 119), (20, 7.5, 3.0, 1.3, 20, 15, 10, 56, 1, 120), (21, 13.2, 2.5, 11.1, 18, 12, 10, 34, 1, 121),
(22, 4.0, 23.5, 9.2, 15, 10, 10, 44, 1, 122), (23, 23.5, 11.0, 1.3, 20, 15, 10, 39, 1, 123), (24, 26.2, 3.5, 21.1, 18, 12, 10, 27, 1, 124),
(25, 25.2, 13.5, 21.1, 18, 12, 10, 27, 1, 125), (26, 16.2, 15.5, 8.1, 18, 12, 10, 65, 1, 126), (27, 17.8, 13.5, 7.1, 18, 12, 10, 32, 1, 127),
(28, 89.2, 63.5, 77.1, 48, 12, 10, 660, 5, 128), (29, 86.7, 43.5, 88.1, 18, 12, 10, 666, 5, 129), (30, 91.2, 63.5, 80.1, 18, 12, 10, 700, 5, 130);

-- player_animal 초기 데이터
INSERT INTO player_animal(player_sequence, animal_id, attack_success, attack_fail, defense_success, defense_fail, trust, distrust, truth, lie)
VALUES

(1, 'TIGER01', 100, 100, 100, 100, 100, 100, 100, 100),(1, 'CAT02', 100, 100, 100, 100, 100, 100, 100, 100),(1, 'DOG03', 100, 100, 100, 100, 100, 100, 100, 100),
(1, 'DEER04', 100, 100, 100, 100, 100, 100, 100, 100),(1, 'PIG05', 100, 100, 100, 100, 100, 100, 100, 100),(1, 'FOX06', 100, 100, 100, 100, 100, 100, 100, 100),
(1, 'SHEEP07', 100, 100, 100, 100, 100, 100, 100, 100),(1, 'WHALE08', 100, 100, 100, 100, 100, 100, 100, 100),
(2, 'TIGER01', 100, 100, 100, 100, 100, 100, 100, 100),(2, 'CAT02', 0, 0, 0, 0, 0, 0, 0, 0),(2, 'DOG03', 0, 0, 0, 0, 0, 0, 0, 0),(2, 'DEER04', 0, 0, 0, 0, 0, 0, 0, 0),
(2, 'PIG05', 0, 0, 0, 0, 0, 0, 0, 0),(2, 'FOX06', 0, 0, 0, 0, 0, 0, 0, 0),(2, 'SHEEP07', 0, 0, 0, 0, 0, 0, 0, 0),(2, 'WHALE08', 0, 0, 0, 0, 0, 0, 0, 0),
(3, 'TIGER01', 0, 0, 0, 0, 0, 0, 0, 0),(3, 'CAT02', 0, 0, 0, 0, 0, 0, 0, 0),(3, 'DOG03', 0, 0, 0, 0, 0, 0, 0, 0),(3, 'DEER04', 0, 0, 0, 0, 0, 0, 0, 0),
(3, 'PIG05', 0, 0, 0, 0, 0, 0, 0, 0),(3, 'FOX06', 0, 0, 0, 0, 0, 0, 0, 0),(3, 'SHEEP07', 0, 0, 0, 0, 0, 0, 0, 0),(3, 'WHALE08', 0, 0, 0, 0, 0, 0, 0, 0),
(4, 'TIGER01', 0, 0, 0, 0, 0, 0, 0, 0),(4, 'CAT02', 0, 0, 0, 0, 0, 0, 0, 0),(4,'DOG03', 0, 0, 0, 0, 0, 0, 0, 0),(4, 'DEER04', 0, 0, 0, 0, 0, 0, 0, 0),
(4, 'PIG05', 0, 0, 0, 0, 0, 0, 0, 0),(4, 'FOX06', 0, 0, 0, 0, 0, 0, 0, 0),(4, 'SHEEP07', 0, 0, 0, 0, 0, 0, 0, 0),(4, 'WHALE08', 0, 0, 0, 0, 0, 0, 0, 0),
(5, 'TIGER01', 0, 0, 0, 0, 0, 0, 0, 0),(5, 'CAT02', 0, 0, 0, 0, 0, 0, 0, 0),(5, 'DOG03', 0, 0, 0, 0, 0, 0, 0, 0),(5, 'DEER04', 0, 0, 0, 0, 0, 0, 0, 0),
(5, 'PIG05', 0, 0, 0, 0, 0, 0, 0, 0),(5, 'FOX06', 0, 0, 0, 0, 0, 0, 0, 0),(5, 'SHEEP07', 0, 0, 0, 0, 0, 0, 0, 0),(5, 'WHALE08', 0, 0, 0, 0, 0, 0, 0, 0),
(6, 'TIGER01', 0, 0, 0, 0, 0, 0, 0, 0),(6, 'CAT02', 0, 0, 0, 0, 0, 0, 0, 0),(6, 'DOG03', 0, 0, 0, 0, 0, 0, 0, 0),(6, 'DEER04', 0, 0, 0, 0, 0, 0, 0, 0),
(6, 'PIG05', 0, 0, 0, 0, 0, 0, 0, 0),(6, 'FOX06', 0, 0, 0, 0, 0, 0, 0, 0),(6, 'SHEEP07', 0, 0, 0, 0, 0, 0, 0, 0),(6, 'WHALE08', 0, 0, 0, 0, 0, 0, 0, 0),
(7, 'TIGER01', 0, 0, 0, 0, 0, 0, 0, 0),(7, 'CAT02', 0, 0, 0, 0, 0, 0, 0, 0),(7, 'DOG03', 0, 0, 0, 0, 0, 0, 0, 0),(7, 'DEER04', 0, 0, 0, 0, 0, 0, 0, 0),
(7, 'PIG05', 0, 0, 0, 0, 0, 0, 0, 0),(7, 'FOX06', 0, 0, 0, 0, 0, 0, 0, 0),(7, 'SHEEP07', 0, 0, 0, 0, 0, 0, 0, 0),(7, 'WHALE08', 0, 0, 0, 0, 0, 0, 0, 0),
(8, 'TIGER01', 0, 0, 0, 0, 0, 0, 0, 0),(8, 'CAT02', 0, 0, 0, 0, 0, 0, 0, 0),(8, 'DOG03', 0, 0, 0, 0, 0, 0, 0, 0),(8, 'DEER04', 0, 0, 0, 0, 0, 0, 0, 0),
(8, 'PIG05', 0, 0, 0, 0, 0, 0, 0, 0),(8, 'FOX06', 0, 0, 0, 0, 0, 0, 0, 0),(8, 'SHEEP07', 0, 0, 0, 0, 0, 0, 0, 0),(8, 'WHALE08', 0, 0, 0, 0, 0, 0, 0, 0),
(9, 'TIGER01', 0, 0, 0, 0, 0, 0, 0, 0),(9, 'CAT02', 0, 0, 0, 0, 0, 0, 0, 0),(9, 'DOG03', 0, 0, 0, 0, 0, 0, 0, 0),(9, 'DEER04', 0, 0, 0, 0, 0, 0, 0, 0),
(9, 'PIG05', 0, 0, 0, 0, 0, 0, 0, 0),(9, 'FOX06', 0, 0, 0, 0, 0, 0, 0, 0),(9, 'SHEEP07', 0, 0, 0, 0, 0, 0, 0, 0),(9, 'WHALE08', 0, 0, 0, 0, 0, 0, 0, 0),
(10, 'TIGER01', 0, 0, 0, 0, 0, 0, 0, 0),(10, 'CAT02', 0, 0, 0, 0, 0, 0, 0, 0),(10, 'DOG03', 0, 0, 0, 0, 0, 0, 0, 0),(10, 'DEER04', 0, 0, 0, 0, 0, 0, 0, 0),
(10, 'PIG05', 0, 0, 0, 0, 0, 0, 0, 0),(10, 'FOX06', 0, 0, 0, 0, 0, 0, 0, 0),(10, 'SHEEP07', 0, 0, 0, 0, 0, 0, 0, 0),(10, 'WHALE08', 0, 0, 0, 0, 0, 0, 0, 0),
(11, 'TIGER01', 0, 0, 0, 0, 0, 0, 0, 0),(11, 'CAT02', 0, 0, 0, 0, 0, 0, 0, 0),(11, 'DOG03', 0, 0, 0, 0, 0, 0, 0, 0),(11, 'DEER04', 0, 0, 0, 0, 0, 0, 0, 0),
(11, 'PIG05', 0, 0, 0, 0, 0, 0, 0, 0),(11, 'FOX06', 0, 0, 0, 0, 0, 0, 0, 0),(11, 'SHEEP07', 0, 0, 0, 0, 0, 0, 0, 0),(11, 'WHALE08', 0, 0, 0, 0, 0, 0, 0, 0),
(12, 'TIGER01', 0, 0, 0, 0, 0, 0, 0, 0),(12, 'CAT02', 0, 0, 0, 0, 0, 0, 0, 0),(12, 'DOG03', 0, 0, 0, 0, 0, 0, 0, 0),(12, 'DEER04', 0, 0, 0, 0, 0, 0, 0, 0),
(12, 'PIG05', 0, 0, 0, 0, 0, 0, 0, 0),(12, 'FOX06', 0, 0, 0, 0, 0, 0, 0, 0),(12, 'SHEEP07', 0, 0, 0, 0, 0, 0, 0, 0),(12, 'WHALE08', 0, 0, 0, 0, 0, 0, 0, 0),
(13, 'TIGER01', 0, 0, 0, 0, 0, 0, 0, 0),(13, 'CAT02', 0, 0, 0, 0, 0, 0, 0, 0),(13, 'DOG03', 0, 0, 0, 0, 0, 0, 0, 0),(13, 'DEER04', 0, 0, 0, 0, 0, 0, 0, 0),
(13, 'PIG05', 0, 0, 0, 0, 0, 0, 0, 0),(13, 'FOX06', 0, 0, 0, 0, 0, 0, 0, 0),(13, 'SHEEP07', 0, 0, 0, 0, 0, 0, 0, 0),(13, 'WHALE08', 0, 0, 0, 0, 0, 0, 0, 0),
(14, 'TIGER01', 0, 0, 0, 0, 0, 0, 0, 0),(14, 'CAT02', 0, 0, 0, 0, 0, 0, 0, 0),(14, 'DOG03', 0, 0, 0, 0, 0, 0, 0, 0),(14, 'DEER04', 0, 0, 0, 0, 0, 0, 0, 0),
(14, 'PIG05', 0, 0, 0, 0, 0, 0, 0, 0),(14, 'FOX06', 0, 0, 0, 0, 0, 0, 0, 0),(14, 'SHEEP07', 0, 0, 0, 0, 0, 0, 0, 0),(14, 'WHALE08', 0, 0, 0, 0, 0, 0, 0, 0),
(15, 'TIGER01', 0, 0, 0, 0, 0, 0, 0, 0),(15, 'CAT02', 0, 0, 0, 0, 0, 0, 0, 0),(15, 'DOG03', 0, 0, 0, 0, 0, 0, 0, 0),(15, 'DEER04', 0, 0, 0, 0, 0, 0, 0, 0),
(15, 'PIG05', 0, 0, 0, 0, 0, 0, 0, 0),(15, 'FOX06', 0, 0, 0, 0, 0, 0, 0, 0),(15, 'SHEEP07', 0, 0, 0, 0, 0, 0, 0, 0),(15, 'WHALE08', 0, 0, 0, 0, 0, 0, 0, 0);

-- 업적 데이터 
INSERT INTO rewards(rewards_id, animal_id, rewards_name, rewards_key, rewards_value)
VALUES
('G001', 'GEN01', '수습 조련사', 'attackSuccess', 0),
('T001',"TIGER01", "호랑이 제왕", "attackSuccess", 100),('T002',"TIGER01", "호랑나비", "attackFail", 100),
('T003',"TIGER01", "햇님달님", "defenseSuccess", 100),('T004',"TIGER01", "호랑이 패배자", "defenseFail", 100),
('T005',"TIGER01", "호랑이 신봉자", "trust", 100),('T006',"TIGER01", "호랑이 혐오자", "distrust", 100),
('T007',"TIGER01", "백호", "truth", 100),('T008',"TIGER01", "호랑일", "lie", 100),
('C001',"CAT02" , "냥냥 펀치", "attackSuccess", 100),('C002',"CAT02", "냥냥 물주먹", "attackFail", 100),
('C003',"CAT02", "냐옹이", "defenseSuccess", 100),('C004',"CAT02", "생쥐", "defenseFail", 100),
('C005',"CAT02", "고양이 집사", "trust", 100),('C006',"CAT02", "미워할 고양", "distrust", 100),
('C007',"CAT02", "냐옹 냐옹", "truth", 100),('C008',"CAT02", "경기도 고양", "lie", 100),
('D001',"DOG03" , "군견병", "attackSuccess", 100),('D002',"DOG03", "강아지", "attackFail", 100),
('D003',"DOG03", "셰펴드", "defenseSuccess", 100),('D004',"DOG03", "시츄", "defenseFail", 100),
('D005',"DOG03", "강형욱", "trust", 100),('D006',"DOG03", "유기견", "distrust", 100),
('D007',"DOG03", "골든 리트리버", "truth", 100),('D008',"DOG03", "개세희", "lie", 100),
('DE01',"DEER04", "고라니 헌터", "attackSuccess", 100),('DE02',"DEER04", "사슴", "attackFail", 100),
('DE03',"DEER04", "철갑 고라니", "defenseSuccess", 100),('DE04',"DEER04", "꽃사슴", "defenseFail", 100),
('DE05',"DEER04", "신뢰의 고라니", "trust", 100),('DE06',"DEER04", "고라파덕", "distrust", 100),
('DE07',"DEER04", "고라니 집사", "truth", 100),('DE08',"DEER04", "고니", "lie", 100),
('P001',"PIG05", "멧돼지", "attackSuccess", 100),('P002',"PIG05", "삼겹살", "attackFail", 100),
('P003',"PIG05", "두꺼운돼지지방", "defenseSuccess", 100),('P004',"PIG05", "오겹살", "defenseFail", 100),
('P005',"PIG05", "제주도 흑돼지", "trust", 100),('P006',"PIG05", "베지테리언", "distrust", 100),
('P007',"PIG05", "1등급 돼지", "truth", 100),('P008',"PIG05", "아기돼지삼형제", "lie", 100),
('F001',"FOX06", "여우 같은 곰", "attackSuccess", 100),('F002',"FOX06", "북극 여우", "attackFail", 100),
('F003',"FOX06", "사막 여우", "defenseSuccess", 100),('F004',"FOX06", "나약한 여우", "defenseFail", 100),
('F005',"FOX06", "진실한 여우", "trust", 100),('F006',"FOX06", "여우 같은 속마음", "distrust", 100),
('F007',"FOX06", "여호와", "truth", 100),('F008',"FOX06", "늑대같은 여우", "lie", 100),
('S001',"SHEEP07", "양치기 소년", "attackSuccess", 100),('S002',"SHEEP07", "순한 양", "attackFail", 100),
('S003',"SHEEP07", "철갑 양", "defenseSuccess", 100),('S004',"SHEEP07", "나약한 양", "defenseFail", 100),
('S005',"SHEEP07", "양 떼 목장", "trust", 100),('S006',"SHEEP07", "늑대", "distrust", 100),
('S007',"SHEEP07", "보더 콜리", "truth", 100),('S008',"SHEEP07", "강원도 양양", "lie", 100),
('W001',"WHALE08", "바다의 악동 범고래", "attackSuccess", 100),('W002',"WHALE08", "아이큐 낮은 돌고래", "attackFail", 100),
('W003',"WHALE08", "바다의 천사 혹등고래", "defenseSuccess", 100),('W004',"WHALE08", "벨루가", "defenseFail", 100),
('W005',"WHALE08", "흰수염 고래", "trust", 100), ('W006',"WHALE08", "검은 수염 고래", "distrust", 100),
('W007',"WHALE08", "아기고래", "truth", 100),('W008',"WHALE08", "고래밥", "lie", 100);

-- 플레이어-업적 데이터 
INSERT INTO player_rewards(player_sequence, rewards_id)
VALUES
(2, "C001"), (2, "C002"), (2, "C003"), (2, "C004"), (2, "C005"), (2, "C006"), (2, "C007"), (2, "C008"),
(2, "D001"), (2, "D002"), (2, "D003"), (2, "D004"), (2, "D005"), (2, "D006"), (2, "D007"), (2, "D008"),
(2, "DE01"), (2, "DE02"), (2, "DE03"), (2, "DE04"), (2, "DE05"), (2, "DE06"), (2, "DE07"), (2, "DE08"),
(2, "P001"), (2, "P002"), (2, "P003"), (2, "P004"), (2, "P005"), (2, "P006"), (2, "P007"), (2, "P008"),
(2, "F001"), (2, "F002"), (2, "F003"), (2, "F004"), (2, "F005"), (2, "F006"), (2, "F007"), (2, "F008"),
(2, "S001"), (2, "S002"), (2, "S003"), (2, "S004"), (2, "S005"), (2, "S006"), (2, "S007"), (2, "S008"),
(2, "W001"), (2, "W002"), (2, "W003"), (2, "W004"), (2, "W005"), (2, "W006"), (2, "W007"), (2, "W008"),

(3, "T001"), (3, "T002"), (3, "T003"), (3, "T004"), (3, "T005"), (3, "T006"), (3, "T007"), (3, "T008"),
(3, "D001"), (3, "D002"), (3, "D003"), (3, "D004"), (3, "D005"), (3, "D006"), (3, "D007"), (3, "D008"),
(3, "DE01"), (3, "DE02"), (3, "DE03"), (3, "DE04"), (3, "DE05"), (3, "DE06"), (3, "DE07"), (3, "DE08"), 
(3, "P001"), (3, "P002"), (3, "P003"), (3, "P004"), (3, "P005"), (3, "P006"), (3, "P007"), (3, "P008"),
(3, "F001"), (3, "F002"), (3, "F003"), (3, "F004"), (3, "F005"), (3, "F006"), (3, "F007"), (3, "F008"),
(3, "S001"), (3, "S002"), (3, "S003"), (3, "S004"), (3, "S005"), (3, "S006"), (3, "S007"), (3, "S008"),
(3, "W001"), (3, "W002"), (3, "W003"), (3, "W004"), (3, "W005"), (3, "W006"), (3, "W007"), (3, "W008"),

(4, "T001"), (4, "T002"), (4, "T003"), (4, "T004"), (4, "T005"), (4, "T006"), (4, "T007"), (4, "T008"),
(4, "C001"), (4, "C002"), (4, "C003"), (4, "C004"), (4, "C005"), (4, "C006"), (4, "C007"), (4, "C008"),
(4, "DE01"), (4, "DE02"), (4, "DE03"), (4, "DE04"), (4, "DE05"), (4, "DE06"), (4, "DE07"), (4, "DE08"),
(4, "P001"), (4, "P002"), (4, "P003"), (4, "P004"), (4, "P005"), (4, "P006"), (4, "P007"), (4, "P008"),
(4, "F001"), (4, "F002"), (4, "F003"), (4, "F004"), (4, "F005"), (4, "F006"), (4, "F007"), (4, "F008"),
(4, "S001"), (4, "S002"), (4, "S003"), (4, "S004"), (4, "S005"), (4, "S006"), (4, "S007"), (4, "S008"),
(4, "W001"), (4, "W002"), (4, "W003"), (4, "W004"), (4, "W005"), (4, "W006"), (4, "W007"), (4, "W008"),

(5, "T001"), (5, "T002"), (5, "T003"), (5, "T004"), (5, "T005"), (5, "T006"), (5, "T007"), (5, "T008"),
(5, "C001"), (5, "C002"), (5, "C003"), (5, "C004"), (5, "C005"), (5, "C006"), (5, "C007"), (5, "C008"),
(5, "D001"), (5, "D002"), (5, "D003"), (5, "D004"), (5, "D005"), (5, "D006"), (5, "D007"), (5, "D008"),
(5, "F001"), (5, "F002"), (5, "F003"), (5, "F004"), (5, "F005"), (5, "F006"), (5, "F007"), (5, "F008"),
(5, "S001"), (5, "S002"), (5, "S003"), (5, "S004"), (5, "S005"), (5, "S006"), (5, "S007"), (5, "S008"),
(5, "W001"), (5, "W002"), (5, "W003"), (5, "W004"), (5, "W005"), (5, "W006"), (5, "W007"), (5, "W008"),

(6, "T001"), (6, "T002"), (6, "T003"), (6, "T004"), (6, "T005"), (6, "T006"), (6, "T007"), (6, "T008"),
(6, "C001"), (6, "C002"), (6, "C003"), (6, "C004"), (6, "C005"), (6, "C006"), (6, "C007"), (6, "C008"),
(6, "D001"), (6, "D002"), (6, "D003"), (6, "D004"), (6, "D005"), (6, "D006"), (6, "D007"), (6, "D008"),
(6, "DE01"), (6, "DE02"), (6, "DE03"), (6, "DE04"), (6, "DE05"), (6, "DE06"), (6, "DE07"), (6, "DE08"),
(6, "S001"), (6, "S002"), (6, "S003"), (6, "S004"), (6, "S005"), (6, "S006"), (6, "S007"), (6, "S008"),
(6, "W001"), (6, "W002"), (6, "W003"), (6, "W004"), (6, "W005"), (6, "W006"), (6, "W007"), (6, "W008"),

(7, "T001"), (7, "T002"), (7, "T003"), (7, "T004"), (7, "T005"), (7, "T006"), (7, "T007"), (7, "T008"),
(7, "C001"), (7, "C002"), (7, "C003"), (7, "C004"), (7, "C005"), (7, "C006"), (7, "C007"), (7, "C008"),
(7, "D001"), (7, "D002"), (7, "D003"), (7, "D004"), (7, "D005"), (7, "D006"), (7, "D007"), (7, "D008"),
(7, "DE01"), (7, "DE02"), (7, "DE03"), (7, "DE04"), (7, "DE05"), (7, "DE06"), (7, "DE07"), (7, "DE08"),
(7, "P001"), (7, "P002"), (7, "P003"), (7, "P004"), (7, "P005"), (7, "P006"), (7, "P007"), (7, "P008"),
(7, "F001"), (7, "F002"), (7, "F003"), (7, "F004"), (7, "F005"), (7, "F006"), (7, "F007"), (7, "F008"),
(7, "S001"), (7, "S002"), (7, "S003"), (7, "S004"), (7, "S005"), (7, "S006"), (7, "S007"), (7, "S008"),
(7, "W001"), (7, "W002"), (7, "W003"), (7, "W004"), (7, "W005"), (7, "W006"), (7, "W007"), (7, "W008"),
(8, "T001"), (8, "T002"), (8, "T003"), (8, "T004"), (8, "T005"), (8, "T006"), (8, "T007"), (8, "T008"),
(8, "C001"), (8, "C002"), (8, "C003"), (8, "C004"), (8, "C005"), (8, "C006"), (8, "C007"), (8, "C008"),
(8, "D001"), (8, "D002"), (8, "D003"), (8, "D004"), (8, "D005"), (8, "D006"), (8, "D007"), (8, "D008"),
(8, "DE01"), (8, "DE02"), (8, "DE03"), (8, "DE04"), (8, "DE05"), (8, "DE06"), (8, "DE07"), (8, "DE08"),
(8, "P001"), (8, "P002"), (8, "P003"), (8, "P004"), (8, "P005"), (8, "P006"), (8, "P007"), (8, "P008"),
(8, "F001"), (8, "F002"), (8, "F003"), (8, "F004"), (8, "F005"), (8, "F006"), (8, "F007"), (8, "F008"),
(8, "S001"), (8, "S002"), (8, "S003"), (8, "S004"), (8, "S005"), (8, "S006"), (8, "S007"), (8, "S008"),
(8, "W001"), (8, "W002"), (8, "W003"), (8, "W004"), (8, "W005"), (8, "W006"), (8, "W007"), (8, "W008"),
(9, "T001"), (9, "T002"), (9, "T003"), (9, "T004"), (9, "T005"), (9, "T006"), (9, "T007"), (9, "T008"),
(9, "C001"), (9, "C002"), (9, "C003"), (9, "C004"), (9, "C005"), (9, "C006"), (9, "C007"), (9, "C008"),
(9, "D001"), (9, "D002"), (9, "D003"), (9, "D004"), (9, "D005"), (9, "D006"), (9, "D007"), (9, "D008"),
(9, "DE01"), (9, "DE02"), (9, "DE03"), (9, "DE04"), (9, "DE05"), (9, "DE06"), (9, "DE07"), (9, "DE08"),
(9, "P001"), (9, "P002"), (9, "P003"), (9, "P004"), (9, "P005"), (9, "P006"), (9, "P007"), (9, "P008"),
(9, "F001"), (9, "F002"), (9, "F003"), (9, "F004"), (9, "F005"), (9, "F006"), (9, "F007"), (9, "F008"),
(9, "S001"), (9, "S002"), (9, "S003"), (9, "S004"), (9, "S005"), (9, "S006"), (9, "S007"), (9, "S008"),
(9, "W001"), (9, "W002"), (9, "W003"), (9, "W004"), (9, "W005"), (9, "W006"), (9, "W007"), (9, "W008"),
(10, "T001"), (10, "T002"), (10, "T003"), (10, "T004"), (10, "T005"), (10, "T006"), (10, "T007"), (10, "T008"),
(10, "C001"), (10, "C002"), (10, "C003"), (10, "C004"), (10, "C005"), (10, "C006"), (10, "C007"), (10, "C008"),
(10, "D001"), (10, "D002"), (10, "D003"), (10, "D004"), (10, "D005"), (10, "D006"), (10, "D007"), (10, "D008"),
(10, "DE01"), (10, "DE02"), (10, "DE03"), (10, "DE04"), (10, "DE05"), (10, "DE06"), (10, "DE07"), (10, "DE08"),
(10, "P001"), (10, "P002"), (10, "P003"), (10, "P004"), (10, "P005"), (10, "P006"), (10, "P007"), (10, "P008"),
(10, "F001"), (10, "F002"), (10, "F003"), (10, "F004"), (10, "F005"), (10, "F006"), (10, "F007"), (10, "F008"),
(10, "S001"), (10, "S002"), (10, "S003"), (10, "S004"), (10, "S005"), (10, "S006"), (10, "S007"), (10, "S008"),
(10, "W001"), (10, "W002"), (10, "W003"), (10, "W004"), (10, "W005"), (10, "W006"), (10, "W007"), (10, "W008"),
(11, "T001"), (11, "T002"), (11, "T003"), (11, "T004"), (11, "T005"), (11, "T006"), (11, "T007"), (11, "T008"),
(11, "C001"), (11, "C002"), (11, "C003"), (11, "C004"), (11, "C005"), (11, "C006"), (11, "C007"), (11, "C008"),
(11, "D001"), (11, "D002"), (11, "D003"), (11, "D004"), (11, "D005"), (11, "D006"), (11, "D007"), (11, "D008"),
(11, "DE01"), (11, "DE02"), (11, "DE03"), (11, "DE04"), (11, "DE05"), (11, "DE06"), (11, "DE07"), (11, "DE08"),
(11, "P001"), (11, "P002"), (11, "P003"), (11, "P004"), (11, "P005"), (11, "P006"), (11, "P007"), (11, "P008"),
(11, "F001"), (11, "F002"), (11, "F003"), (11, "F004"), (11, "F005"), (11, "F006"), (11, "F007"), (11, "F008"),
(11, "S001"), (11, "S002"), (11, "S003"), (11, "S004"), (11, "S005"), (11, "S006"), (11, "S007"), (11, "S008"),
(11, "W001"), (11, "W002"), (11, "W003"), (11, "W004"), (11, "W005"), (11, "W006"), (11, "W007"), (11, "W008"),
(12, "T001"), (12, "T002"), (12, "T003"), (12, "T004"), (12, "T005"), (12, "T006"), (12, "T007"), (12, "T008"),
(12, "C001"), (12, "C002"), (12, "C003"), (12, "C004"), (12, "C005"), (12, "C006"), (12, "C007"), (12, "C008"),
(12, "D001"), (12, "D002"), (12, "D003"), (12, "D004"), (12, "D005"), (12, "D006"), (12, "D007"), (12, "D008"),
(12, "DE01"), (12, "DE02"), (12, "DE03"), (12, "DE04"), (12, "DE05"), (12, "DE06"), (12, "DE07"), (12, "DE08"),
(12, "P001"), (12, "P002"), (12, "P003"), (12, "P004"), (12, "P005"), (12, "P006"), (12, "P007"), (12, "P008"),
(12, "F001"), (12, "F002"), (12, "F003"), (12, "F004"), (12, "F005"), (12, "F006"), (12, "F007"), (12, "F008"),
(12, "S001"), (12, "S002"), (12, "S003"), (12, "S004"), (12, "S005"), (12, "S006"), (12, "S007"), (12, "S008"),
(12, "W001"), (12, "W002"), (12, "W003"), (12, "W004"), (12, "W005"), (12, "W006"), (12, "W007"), (12, "W008"),
(13, "T001"), (13, "T002"), (13, "T003"), (13, "T004"), (13, "T005"), (13, "T006"), (13, "T007"), (13, "T008"),
(13, "C001"), (13, "C002"), (13, "C003"), (13, "C004"), (13, "C005"), (13, "C006"), (13, "C007"), (13, "C008"),
(13, "D001"), (13, "D002"), (13, "D003"), (13, "D004"), (13, "D005"), (13, "D006"), (13, "D007"), (13, "D008"),
(13, "DE01"), (13, "DE02"), (13, "DE03"), (13, "DE04"), (13, "DE05"), (13, "DE06"), (13, "DE07"), (13, "DE08"),
(13, "P001"), (13, "P002"), (13, "P003"), (13, "P004"), (13, "P005"), (13, "P006"), (13, "P007"), (13, "P008"),
(13, "F001"), (13, "F002"), (13, "F003"), (13, "F004"), (13, "F005"), (13, "F006"), (13, "F007"), (13, "F008"),
(13, "S001"), (13, "S002"), (13, "S003"), (13, "S004"), (13, "S005"), (13, "S006"), (13, "S007"), (13, "S008"),
(13, "W001"), (13, "W002"), (13, "W003"), (13, "W004"), (13, "W005"), (13, "W006"), (13, "W007"), (13, "W008"),
(14, "T001"), (14, "T002"), (14, "T003"), (14, "T004"), (14, "T005"), (14, "T006"), (14, "T007"), (14, "T008"),
(14, "C001"), (14, "C002"), (14, "C003"), (14, "C004"), (14, "C005"), (14, "C006"), (14, "C007"), (14, "C008"),
(14, "D001"), (14, "D002"), (14, "D003"), (14, "D004"), (14, "D005"), (14, "D006"), (14, "D007"), (14, "D008"),
(14, "DE01"), (14, "DE02"), (14, "DE03"), (14, "DE04"), (14, "DE05"), (14, "DE06"), (14, "DE07"), (14, "DE08"),
(14, "P001"), (14, "P002"), (14, "P003"), (14, "P004"), (14, "P005"), (14, "P006"), (14, "P007"), (14, "P008"),
(14, "F001"), (14, "F002"), (14, "F003"), (14, "F004"), (14, "F005"), (14, "F006"), (14, "F007"), (14, "F008"),
(14, "S001"), (14, "S002"), (14, "S003"), (14, "S004"), (14, "S005"), (14, "S006"), (14, "S007"), (14, "S008"),
(14, "W001"), (14, "W002"), (14, "W003"), (14, "W004"), (14, "W005"), (14, "W006"), (14, "W007"), (14, "W008"),
(15, "T001"), (15, "T002"), (15, "T003"), (15, "T004"), (15, "T005"), (15, "T006"), (15, "T007"), (15, "T008"),
(15, "C001"), (15, "C002"), (15, "C003"), (15, "C004"), (15, "C005"), (15, "C006"), (15, "C007"), (15, "C008"),
(15, "D001"), (15, "D002"), (15, "D003"), (15, "D004"), (15, "D005"), (15, "D006"), (15, "D007"), (15, "D008"),
(15, "DE01"), (15, "DE02"), (15, "DE03"), (15, "DE04"), (15, "DE05"), (15, "DE06"), (15, "DE07"), (15, "DE08"),
(15, "P001"), (15, "P002"), (15, "P003"), (15, "P004"), (15, "P005"), (15, "P006"), (15, "P007"), (15, "P008"),
(15, "F001"), (15, "F002"), (15, "F003"), (15, "F004"), (15, "F005"), (15, "F006"), (15, "F007"), (15, "F008"),
(15, "S001"), (15, "S002"), (15, "S003"), (15, "S004"), (15, "S005"), (15, "S006"), (15, "S007"), (15, "S008"),
(15, "W001"), (15, "W002"), (15, "W003"), (15, "W004"), (15, "W005"), (15, "W006"), (15, "W007"), (15, "W008"),
(16, "T001"), (16, "T002"), (16, "T003"), (16, "T004"), (16, "T005"), (16, "T006"), (16, "T007"), (16, "T008"), (16, "C001"), (16, "C002"), (16, "C003"), (16, "C004"), (16, "C005"), (16, "C006"), (16, "C007"), (16, "C008"), (16, "D001"), (16, "D002"), (16, "D003"), (16, "D004"), (16, "D005"), (16, "D006"), (16, "D007"), (16, "D008"), (16, "DE01"), (16, "DE02"), (16, "DE03"), (16, "DE04"), (16, "DE05"), (16, "DE06"), (16, "DE07"), (16, "DE08"), (16, "P001"), (16, "P002"), (16, "P003"), (16, "P004"), (16, "P005"), (16, "P006"), (16, "P007"), (16, "P008"), (16, "F001"), (16, "F002"), (16, "F003"), (16, "F004"), (16, "F005"), (16, "F006"), (16, "F007"), (16, "F008"), (16, "S001"), (16, "S002"), (16, "S003"), (16, "S004"), (16, "S005"), (16, "S006"), (16, "S007"), (16, "S008"), (16, "W001"), (16, "W002"), (16, "W003"), (16, "W004"), (16, "W005"), (16, "W006"), (16, "W007"), (16, "W008"),
(17, "T001"), (17, "T002"), (17, "T003"), (17, "T004"), (17, "T005"), (17, "T006"), (17, "T007"), (17, "T008"), (17, "C001"), (17, "C002"), (17, "C003"), (17, "C004"), (17, "C005"), (17, "C006"), (17, "C007"), (17, "C008"), (17, "D001"), (17, "D002"), (17, "D003"), (17, "D004"), (17, "D005"), (17, "D006"), (17, "D007"), (17, "D008"), (17, "DE01"), (17, "DE02"), (17, "DE03"), (17, "DE04"), (17, "DE05"), (17, "DE06"), (17, "DE07"), (17, "DE08"), (17, "P001"), (17, "P002"), (17, "P003"), (17, "P004"), (17, "P005"), (17, "P006"), (17, "P007"), (17, "P008"), (17, "F001"), (17, "F002"), (17, "F003"), (17, "F004"), (17, "F005"), (17, "F006"), (17, "F007"), (17, "F008"), (17, "S001"), (17, "S002"), (17, "S003"), (17, "S004"), (17, "S005"), (17, "S006"), (17, "S007"), (17, "S008"), (17, "W001"), (17, "W002"), (17, "W003"), (17, "W004"), (17, "W005"), (17, "W006"), (17, "W007"), (17, "W008"),
(18, "T001"), (18, "T002"), (18, "T003"), (18, "T004"), (18, "T005"), (18, "T006"), (18, "T007"), (18, "T008"), (18, "C001"), (18, "C002"), (18, "C003"), (18, "C004"), (18, "C005"), (18, "C006"), (18, "C007"), (18, "C008"), (18, "D001"), (18, "D002"), (18, "D003"), (18, "D004"), (18, "D005"), (18, "D006"), (18, "D007"), (18, "D008"), (18, "DE01"), (18, "DE02"), (18, "DE03"), (18, "DE04"), (18, "DE05"), (18, "DE06"), (18, "DE07"), (18, "DE08"), (18, "P001"), (18, "P002"), (18, "P003"), (18, "P004"), (18, "P005"), (18, "P006"), (18, "P007"), (18, "P008"), (18, "F001"), (18, "F002"), (18, "F003"), (18, "F004"), (18, "F005"), (18, "F006"), (18, "F007"), (18, "F008"), (18, "S001"), (18, "S002"), (18, "S003"), (18, "S004"), (18, "S005"), (18, "S006"), (18, "S007"), (18, "S008"), (18, "W001"), (18, "W002"), (18, "W003"), (18, "W004"), (18, "W005"), (18, "W006"), (18, "W007"), (18, "W008"),
(19, "T001"), (19, "T002"), (19, "T003"), (19, "T004"), (19, "T005"), (19, "T006"), (19, "T007"), (19, "T008"), (19, "C001"), (19, "C002"), (19, "C003"), (19, "C004"), (19, "C005"), (19, "C006"), (19, "C007"), (19, "C008"), (19, "D001"), (19, "D002"), (19, "D003"), (19, "D004"), (19, "D005"), (19, "D006"), (19, "D007"), (19, "D008"), (19, "DE01"), (19, "DE02"), (19, "DE03"), (19, "DE04"), (19, "DE05"), (19, "DE06"), (19, "DE07"), (19, "DE08"), (19, "P001"), (19, "P002"), (19, "P003"), (19, "P004"), (19, "P005"), (19, "P006"), (19, "P007"), (19, "P008"), (19, "F001"), (19, "F002"), (19, "F003"), (19, "F004"), (19, "F005"), (19, "F006"), (19, "F007"), (19, "F008"), (19, "S001"), (19, "S002"), (19, "S003"), (19, "S004"), (19, "S005"), (19, "S006"), (19, "S007"), (19, "S008"), (19, "W001"), (19, "W002"), (19, "W003"), (19, "W004"), (19, "W005"), (19, "W006"), (19, "W007"), (19, "W008"),
(20, "T001"), (20, "T002"), (20, "T003"), (20, "T004"), (20, "T005"), (20, "T006"), (20, "T007"), (20, "T008"), (20, "C001"), (20, "C002"), (20, "C003"), (20, "C004"), (20, "C005"), (20, "C006"), (20, "C007"), (20, "C008"), (20, "D001"), (20, "D002"), (20, "D003"), (20, "D004"), (20, "D005"), (20, "D006"), (20, "D007"), (20, "D008"), (20, "DE01"), (20, "DE02"), (20, "DE03"), (20, "DE04"), (20, "DE05"), (20, "DE06"), (20, "DE07"), (20, "DE08"), (20, "P001"), (20, "P002"), (20, "P003"), (20, "P004"), (20, "P005"), (20, "P006"), (20, "P007"), (20, "P008"), (20, "F001"), (20, "F002"), (20, "F003"), (20, "F004"), (20, "F005"), (20, "F006"), (20, "F007"), (20, "F008"), (20, "S001"), (20, "S002"), (20, "S003"), (20, "S004"), (20, "S005"), (20, "S006"), (20, "S007"), (20, "S008"), (20, "W001"), (20, "W002"), (20, "W003"), (20, "W004"), (20, "W005"), (20, "W006"), (20, "W007"), (20, "W008"),
(21, "T001"), (21, "T002"), (21, "T003"), (21, "T004"), (21, "T005"), (21, "T006"), (21, "T007"), (21, "T008"),
(21, "C001"), (21, "C002"), (21, "C003"), (21, "C004"), (21, "C005"), (21, "C006"), (21, "C007"), (21, "C008"),
(21, "D001"), (21, "D002"), (21, "D003"), (21, "D004"), (21, "D005"), (21, "D006"), (21, "D007"), (21, "D008"),
(21, "DE01"), (21, "DE02"), (21, "DE03"), (21, "DE04"), (21, "DE05"), (21, "DE06"), (21, "DE07"), (21, "DE08"),
(21, "P001"), (21, "P002"), (21, "P003"), (21, "P004"), (21, "P005"), (21, "P006"), (21, "P007"), (21, "P008"),
(21, "F001"), (21, "F002"), (21, "F003"), (21, "F004"), (21, "F005"), (21, "F006"), (21, "F007"), (21, "F008"),
(21, "S001"), (21, "S002"), (21, "S003"), (21, "S004"), (21, "S005"), (21, "S006"), (21, "S007"), (21, "S008"),
(21, "W001"), (21, "W002"), (21, "W003"), (21, "W004"), (21, "W005"), (21, "W006"), (21, "W007"), (21, "W008"),
(22, "T001"), (22, "T002"), (22, "T003"), (22, "T004"), (22, "T005"), (22, "T006"), (22, "T007"), (22, "T008"),
(22, "C001"), (22, "C002"), (22, "C003"), (22, "C004"), (22, "C005"), (22, "C006"), (22, "C007"), (22, "C008"),
(22, "D001"), (22, "D002"), (22, "D003"), (22, "D004"), (22, "D005"), (22, "D006"), (22, "D007"), (22, "D008"),
(22, "DE01"), (22, "DE02"), (22, "DE03"), (22, "DE04"), (22, "DE05"), (22, "DE06"), (22, "DE07"), (22, "DE08"),
(22, "P001"), (22, "P002"), (22, "P003"), (22, "P004"), (22, "P005"), (22, "P006"), (22, "P007"), (22, "P008"),
(22, "F001"), (22, "F002"), (22, "F003"), (22, "F004"), (22, "F005"), (22, "F006"), (22, "F007"), (22, "F008"),
(22, "S001"), (22, "S002"), (22, "S003"), (22, "S004"), (22, "S005"), (22, "S006"), (22, "S007"), (22, "S008"),
(22, "W001"), (22, "W002"), (22, "W003"), (22, "W004"), (22, "W005"), (22, "W006"), (22, "W007"), (22, "W008"),
(23, "T001"), (23, "T002"), (23, "T003"), (23, "T004"), (23, "T005"), (23, "T006"), (23, "T007"), (23, "T008"),
(23, "C001"), (23, "C002"), (23, "C003"), (23, "C004"), (23, "C005"), (23, "C006"), (23, "C007"), (23, "C008"),
(23, "D001"), (23, "D002"), (23, "D003"), (23, "D004"), (23, "D005"), (23, "D006"), (23, "D007"), (23, "D008"),
(23, "DE01"), (23, "DE02"), (23, "DE03"), (23, "DE04"), (23, "DE05"), (23, "DE06"), (23, "DE07"), (23, "DE08"),
(23, "P001"), (23, "P002"), (23, "P003"), (23, "P004"), (23, "P005"), (23, "P006"), (23, "P007"), (23, "P008"),
(23, "F001"), (23, "F002"), (23, "F003"), (23, "F004"), (23, "F005"), (23, "F006"), (23, "F007"), (23, "F008"),
(23, "S001"), (23, "S002"), (23, "S003"), (23, "S004"), (23, "S005"), (23, "S006"), (23, "S007"), (23, "S008"),
(23, "W001"), (23, "W002"), (23, "W003"), (23, "W004"), (23, "W005"), (23, "W006"), (23, "W007"), (23, "W008"),
(24, "T001"), (24, "T002"), (24, "T003"), (24, "T004"), (24, "T005"), (24, "T006"), (24, "T007"), (24, "T008"),
(24, "C001"), (24, "C002"), (24, "C003"), (24, "C004"), (24, "C005"), (24, "C006"), (24, "C007"), (24, "C008"),
(24, "D001"), (24, "D002"), (24, "D003"), (24, "D004"), (24, "D005"), (24, "D006"), (24, "D007"), (24, "D008"),
(24, "DE01"), (24, "DE02"), (24, "DE03"), (24, "DE04"), (24, "DE05"), (24, "DE06"), (24, "DE07"), (24, "DE08"),
(24, "P001"), (24, "P002"), (24, "P003"), (24, "P004"), (24, "P005"), (24, "P006"), (24, "P007"), (24, "P008"),
(24, "F001"), (24, "F002"), (24, "F003"), (24, "F004"), (24, "F005"), (24, "F006"), (24, "F007"), (24, "F008"),
(24, "S001"), (24, "S002"), (24, "S003"), (24, "S004"), (24, "S005"), (24, "S006"), (24, "S007"), (24, "S008"),
(24, "W001"), (24, "W002"), (24, "W003"), (24, "W004"), (24, "W005"), (24, "W006"), (24, "W007"), (24, "W008"),
(25, "T001"), (25, "T002"), (25, "T003"), (25, "T004"), (25, "T005"), (25, "T006"), (25, "T007"), (25, "T008"),
(25, "C001"), (25, "C002"), (25, "C003"), (25, "C004"), (25, "C005"), (25, "C006"), (25, "C007"), (25, "C008"),
(25, "D001"), (25, "D002"), (25, "D003"), (25, "D004"), (25, "D005"), (25, "D006"), (25, "D007"), (25, "D008"),
(25, "DE01"), (25, "DE02"), (25, "DE03"), (25, "DE04"), (25, "DE05"), (25, "DE06"), (25, "DE07"), (25, "DE08"),
(25, "P001"), (25, "P002"), (25, "P003"), (25, "P004"), (25, "P005"), (25, "P006"), (25, "P007"), (25, "P008"),
(25, "F001"), (25, "F002"), (25, "F003"), (25, "F004"), (25, "F005"), (25, "F006"), (25, "F007"), (25, "F008"),
(25, "S001"), (25, "S002"), (25, "S003"), (25, "S004"), (25, "S005"), (25, "S006"), (25, "S007"), (25, "S008"),
(25, "W001"), (25, "W002"), (25, "W003"), (25, "W004"), (25, "W005"), (25, "W006"), (25, "W007"), (25, "W008"),
(26, "T001"), (26, "T002"), (26, "T003"), (26, "T004"), (26, "T005"), (26, "T006"), (26, "T007"), (26, "T008"),
(26, "C001"), (26, "C002"), (26, "C003"), (26, "C004"), (26, "C005"), (26, "C006"), (26, "C007"), (26, "C008"),
(26, "D001"), (26, "D002"), (26, "D003"), (26, "D004"), (26, "D005"), (26, "D006"), (26, "D007"), (26, "D008"),
(26, "DE01"), (26, "DE02"), (26, "DE03"), (26, "DE04"), (26, "DE05"), (26, "DE06"), (26, "DE07"), (26, "DE08"),
(26, "P001"), (26, "P002"), (26, "P003"), (26, "P004"), (26, "P005"), (26, "P006"), (26, "P007"), (26, "P008"),
(26, "F001"), (26, "F002"), (26, "F003"), (26, "F004"), (26, "F005"), (26, "F006"), (26, "F007"), (26, "F008"),
(26, "S001"), (26, "S002"), (26, "S003"), (26, "S004"), (26, "S005"), (26, "S006"), (26, "S007"), (26, "S008"),
(26, "W001"), (26, "W002"), (26, "W003"), (26, "W004"), (26, "W005"), (26, "W006"), (26, "W007"), (26, "W008"),
(27, "T001"), (27, "T002"), (27, "T003"), (27, "T004"), (27, "T005"), (27, "T006"), (27, "T007"), (27, "T008"),
(27, "C001"), (27, "C002"), (27, "C003"), (27, "C004"), (27, "C005"), (27, "C006"), (27, "C007"), (27, "C008"),
(27, "D001"), (27, "D002"), (27, "D003"), (27, "D004"), (27, "D005"), (27, "D006"), (27, "D007"), (27, "D008"),
(27, "DE01"), (27, "DE02"), (27, "DE03"), (27, "DE04"), (27, "DE05"), (27, "DE06"), (27, "DE07"), (27, "DE08"),
(27, "P001"), (27, "P002"), (27, "P003"), (27, "P004"), (27, "P005"), (27, "P006"), (27, "P007"), (27, "P008"),
(27, "F001"), (27, "F002"), (27, "F003"), (27, "F004"), (27, "F005"), (27, "F006"), (27, "F007"), (27, "F008"),
(27, "S001"), (27, "S002"), (27, "S003"), (27, "S004"), (27, "S005"), (27, "S006"), (27, "S007"), (27, "S008"),
(27, "W001"), (27, "W002"), (27, "W003"), (27, "W004"), (27, "W005"), (27, "W006"), (27, "W007"), (27, "W008"),
(28, "T001"), (28, "T002"), (28, "T003"), (28, "T004"), (28, "T005"), (28, "T006"), (28, "T007"), (28, "T008"),
(28, "C001"), (28, "C002"), (28, "C003"), (28, "C004"), (28, "C005"), (28, "C006"), (28, "C007"), (28, "C008"),
(28, "D001"), (28, "D002"), (28, "D003"), (28, "D004"), (28, "D005"), (28, "D006"), (28, "D007"), (28, "D008"),
(28, "DE01"), (28, "DE02"), (28, "DE03"), (28, "DE04"), (28, "DE05"), (28, "DE06"), (28, "DE07"), (28, "DE08"),
(28, "P001"), (28, "P002"), (28, "P003"), (28, "P004"), (28, "P005"), (28, "P006"), (28, "P007"), (28, "P008"),
(28, "F001"), (28, "F002"), (28, "F003"), (28, "F004"), (28, "F005"), (28, "F006"), (28, "F007"), (28, "F008"),
(28, "S001"), (28, "S002"), (28, "S003"), (28, "S004"), (28, "S005"), (28, "S006"), (28, "S007"), (28, "S008"),
(28, "W001"), (28, "W002"), (28, "W003"), (28, "W004"), (28, "W005"), (28, "W006"), (28, "W007"), (28, "W008"),
(29, "T001"), (29, "T002"), (29, "T003"), (29, "T004"), (29, "T005"), (29, "T006"), (29, "T007"), (29, "T008"),
(29, "C001"), (29, "C002"), (29, "C003"), (29, "C004"), (29, "C005"), (29, "C006"), (29, "C007"), (29, "C008"),
(29, "D001"), (29, "D002"), (29, "D003"), (29, "D004"), (29, "D005"), (29, "D006"), (29, "D007"), (29, "D008"),
(29, "DE01"), (29, "DE02"), (29, "DE03"), (29, "DE04"), (29, "DE05"), (29, "DE06"), (29, "DE07"), (29, "DE08"),
(29, "P001"), (29, "P002"), (29, "P003"), (29, "P004"), (29, "P005"), (29, "P006"), (29, "P007"), (29, "P008"),
(29, "F001"), (29, "F002"), (29, "F003"), (29, "F004"), (29, "F005"), (29, "F006"), (29, "F007"), (29, "F008"),
(29, "S001"), (29, "S002"), (29, "S003"), (29, "S004"), (29, "S005"), (29, "S006"), (29, "S007"), (29, "S008"),
(29, "W001"), (29, "W002"), (29, "W003"), (29, "W004"), (29, "W005"), (29, "W006"), (29, "W007"), (29, "W008"),
(30, "T001"), (30, "T002"), (30, "T003"), (30, "T004"), (30, "T005"), (30, "T006"), (30, "T007"), (30, "T008"),
(30, "C001"), (30, "C002"), (30, "C003"), (30, "C004"), (30, "C005"), (30, "C006"), (30, "C007"), (30, "C008"),
(30, "D001"), (30, "D002"), (30, "D003"), (30, "D004"), (30, "D005"), (30, "D006"), (30, "D007"), (30, "D008"),
(30, "DE01"), (30, "DE02"), (30, "DE03"), (30, "DE04"), (30, "DE05"), (30, "DE06"), (30, "DE07"), (30, "DE08"),
(30, "P001"), (30, "P002"), (30, "P003"), (30, "P004"), (30, "P005"), (30, "P006"), (30, "P007"), (30, "P008"),
(30, "F001"), (30, "F002"), (30, "F003"), (30, "F004"), (30, "F005"), (30, "F006"), (30, "F007"), (30, "F008"),
(30, "S001"), (30, "S002"), (30, "S003"), (30, "S004"), (30, "S005"), (30, "S006"), (30, "S007"), (30, "S008"),
(30, "W001"), (30, "W002"), (30, "W003"), (30, "W004"), (30, "W005"), (30, "W006"), (30, "W007"), (30, "W008");

-- 달성 업적 더미 데이터
INSERT INTO player_rewards(player_sequence, rewards_id, is_done)
VALUES 
(1, "T001", true), (1, "T002", true), (1, "T003", true), (1, "T004", true), (1, "T005", true), (1, "T006", true), (1, "T007", true), (1, "T008", true), 
(1, "C001", true), (1, "C002", true), (1, "C003", true), (1, "C004", true), (1, "C005", true), (1, "C006", true), (1, "C007", true), (1, "C008", true),
(1, "D001", true), (1, "D002", true), (1, "D003", true), (1, "D004", true), (1, "D005", true), (1, "D006", true), (1, "D007", true), (1, "D008", true),
(1, "DE01", true), (1, "DE02", true), (1, "DE03", true), (1, "DE04", true), (1, "DE05", true), (1, "DE06", true), (1, "DE07", true), (1, "DE08", true),
(1, "P001", true), (1, "P002", true), (1, "P003", true), (1, "P004", true), (1, "P005", true), (1, "P006", true), (1, "P007", true), (1, "P008", true),
(1, "F001", true), (1, "F002", true), (1, "F003", true), (1, "F004", true), (1, "F005", true), (1, "F006", true), (1, "F007", true), (1, "F008", true),
(1, "S001", true), (1, "S002", true), (1, "S003", true), (1, "S004", true), (1, "S005", true), (1, "S006", true), (1, "S007", true), (1, "S008", true),
(1, "W001", true), (1, "W002", true), (1, "W003", true), (1, "W004", true), (1, "W005", true), (1, "W006", true), (1, "W007", true), (1, "W008", true),

(2, "T001", true), (2, "T002", true), (2, "T003", true), (2, "T004", true), (2, "T005", true), (2, "T006", true), (2, "T007", true), (2, "T008", true),
(3, "C001", true), (3, "C002", true), (3, "C003", true), (3, "C004", true), (3, "C005", true), (3, "C006", true), (3, "C007", true), (3, "C008", true),
(4, "D001", true), (4, "D002", true), (4, "D003", true), (4, "D004", true), (4, "D005", true), (4, "D006", true), (4, "D007", true), (4, "D008", true),
(5, "DE01", true), (5, "DE02", true), (5, "DE03", true), (5, "DE04", true), (5, "DE05", true), (5, "DE06", true), (5, "DE07", true), (5, "DE08", true),
(6, "P001", true), (6, "P002", true), (6, "P003", true), (6, "P004", true), (6, "P005", true), (6, "P006", true), (6, "P007", true), (6, "P008", true),

-- 플레이어 기본 업적 
(1, "G001", true), (2, "G001", true), (3, "G001", true), (4, "G001", true), (5, "G001", true), (6, "G001", true), (7, "G001", true), (8, "G001", true),
(9, "G001", true), (10, "G001", true), (11, "G001", true), (12, "G001", true), (13, "G001", true), (14, "G001", true), (15, "G001", true), (16, "G001", true),
(17, "G001", true), (18, "G001", true), (19, "G001", true), (20, "G001", true), (21, "G001", true), (22, "G001", true), (23, "G001", true), (24, "G001", true),
(25, "G001", true), (26, "G001", true), (27, "G001", true), (28, "G001", true), (29, "G001", true), (30, "G001", true);











