-- animal 초기 데이터
INSERT INTO animal (animal_id, animal_eng_name, animal_kor_name)
VALUES
("TIGER01", "tiger", "호랑이"),
("CAT02", "cat", "고양이"),
("DOG03", "dog", "강아지 "),
("DEER04", "deer", "고라니"),
("PIG05", "pig", "돼지"),
("FOX06", "fox", "여우"),
("SHEEP07", "sheep", "양"),
("WHALE08", "whale", "혹등고래");

-- player 테이블 초기 데이터
INSERT INTO player (player_sequence, player_id, attack_score, defense_score, pass_score, total_round, total_turn, created_date, last_modified_date, user_sequence)
VALUES
(1, 'player1', 85.0, 90.5, 78.2, 15, 10, '2024-01-21 12:00:00', '2024-01-23 12:00:00', 101),
(2, 'player2', 78.5, 88.0, 92.3, 20, 15, '2024-01-22 12:30:00', '2024-01-23 12:30:00', 102),
(3, 'player3', 92.8, 85.5, 80.1, 18, 12, '2024-01-23 13:00:00', '2024-01-23 13:00:00', 103),
(4, 'player4', 185.0, 77.5, 71.2, 35, 10, '2024-01-21 12:00:00', '2024-01-23 12:00:00', 104),
(5, 'player5', 54.5, 5.0, 12.3, 20, 15, '2024-01-22 12:30:00', '2024-01-23 12:30:00', 105),
(6, 'player6', 77.8, 32.5, 180.1, 18, 12, '2024-01-23 13:00:00', '2024-01-23 13:00:00', 106),
(7, 'player7', 25.0, 91.5, 118.2, 15, 10, '2024-01-21 12:00:00', '2024-01-23 12:00:00', 107),
(8, 'player8', 45.5, 33.0, 92.3, 20, 15, '2024-01-22 12:30:00', '2024-01-23 12:30:00', 108),
(9, 'player9', 19.8, 12.5, 180.1, 18, 12, '2024-01-23 13:00:00', '2024-01-23 13:00:00', 109),
(10, 'player10', 185.0, 110.5, 68.1, 15, 10, '2024-01-21 12:00:00', '2024-01-23 12:00:00', 110),
(11, 'player11', 33.5, 18.0, 12.3, 20, 15, '2024-01-22 12:30:00', '2024-01-23 12:30:00', 111),
(12, 'player12', 44.8, 5.5, 83.1, 18, 12, '2024-01-23 13:00:00', '2024-01-23 13:00:00', 112),
(13, 'player13', 56.0, 10.5, 79.2, 15, 10, '2024-01-21 12:00:00', '2024-01-23 12:00:00', 113),
(14, 'player14', 88.5, 28.0, 91.3, 20, 15, '2024-01-22 12:30:00', '2024-01-23 12:30:00', 114),
(15, 'player15', 21.2, 75.5, 81.1, 18, 12, '2024-01-23 13:00:00', '2024-01-23 13:00:00', 115);


-- player_animal 초기 데이터

INSERT INTO player_animal(player_sequence, animal_id, attack_success, attack_fail, defense_success, defense_fail, trust, distrust, truth, lie)
VALUES


(1, 'TIGER01', 0, 0, 0, 0, 0, 0, 0, 0),
(1, 'CAT02', 0, 0, 0, 0, 0, 0, 0, 0),
(1, 'DOG03', 0, 0, 0, 0, 0, 0, 0, 0),
(1, 'DEER04', 0, 0, 0, 0, 0, 0, 0, 0),
(1, 'PIG05', 0, 0, 0, 0, 0, 0, 0, 0),
(1, 'FOX06', 0, 0, 0, 0, 0, 0, 0, 0),
(1, 'SHEEP07', 0, 0, 0, 0, 0, 0, 0, 0),
(1, 'WHALE08', 0, 0, 0, 0, 0, 0, 0, 0),
(2, 'TIGER01', 0, 0, 0, 0, 0, 0, 0, 0),
(2, 'CAT02', 0, 0, 0, 0, 0, 0, 0, 0),
(2, 'DOG03', 0, 0, 0, 0, 0, 0, 0, 0),
(2, 'DEER04', 0, 0, 0, 0, 0, 0, 0, 0),
(2, 'PIG05', 0, 0, 0, 0, 0, 0, 0, 0),
(2, 'FOX06', 0, 0, 0, 0, 0, 0, 0, 0),
(2, 'SHEEP07', 0, 0, 0, 0, 0, 0, 0, 0),
(2, 'WHALE08', 0, 0, 0, 0, 0, 0, 0, 0);
-- (1, 'TIGER01', 20, 5, 15, 3, 80, 10, 70, 5),
-- (1, 'CAT02', 100, 7, 14, 5, 75, 12, 68, 8),
-- (1, 'DOG03', 25, 3, 20, 2, 85, 8, 75, 3),
-- (1, 'DEER04', 22, 6, 18, 4, 78, 15, 72, 7),
-- (1, 'PIG05', 19, 8, 16, 6, 72, 20, 65, 10),
-- (1, 'FOX06', 23, 4, 19, 3, 80, 18, 73, 5),
-- (1, 'SHEEP07', 26, 2, 22, 1, 88, 12, 80, 2),
-- (1, 'WHALE08', 21, 7, 17, 5, 70, 22, 60, 15),
-- (2, 'TIGER01', 17, 9, 14, 7, 75, 25, 65, 12),
-- (2, 'CAT02', 24, 5, 20, 3, 82, 15, 75, 8),
-- (3, 'TIGER01', 20, 5, 15, 3, 80, 10, 70, 5),
-- (3, 'CAT02', 18, 7, 14, 5, 75, 12, 68, 8),
-- (4, 'DOG03', 25, 3, 20, 2, 85, 8, 75, 3),
-- (4, 'DEER04', 22, 6, 18, 4, 78, 15, 72, 7),
-- (5, 'PIG05', 19, 8, 16, 6, 72, 20, 65, 10),
-- (5, 'FOX06', 23, 4, 19, 3, 80, 18, 73, 5),
-- (6, 'SHEEP07', 26, 2, 22, 1, 88, 12, 80, 2),
-- (7, 'WHALE08', 21, 7, 17, 5, 70, 22, 60, 15),
-- (7, 'TIGER01', 17, 9, 14, 7, 75, 25, 65, 12),
-- (8, 'CAT02', 24, 5, 20, 3, 82, 15, 75, 8),
-- (9, 'TIGER01', 22, 4, 18, 2, 85, 9, 72, 4),
-- (10, 'CAT02', 20, 6, 16, 4, 78, 11, 70, 7),
-- (11, 'DOG03', 27, 2, 22, 1, 90, 7, 78, 2),
-- (11, 'DEER04', 24, 5, 20, 3, 82, 14, 75, 6),
-- (12, 'PIG05', 21, 7, 18, 5, 75, 18, 68, 9),
-- (12, 'FOX06', 25, 3, 21, 2, 88, 15, 80, 4),
-- (13, 'SHEEP07', 28, 1, 24, 1, 92, 10, 85, 2),
-- (14, 'WHALE08', 23, 6, 19, 4, 80, 20, 72, 12),
-- (14, 'TIGER01', 19, 8, 15, 7, 78, 22, 70, 10),
-- (15, 'WHALE08', 26, 4, 23, 2, 85, 16, 75, 5);

-- 업적 데이터 
INSERT INTO rewards(rewards_id, animal_id, rewards_name, rewards_key, rewards_value)
VALUES
('T001',"TIGER01", "호랑이 제왕", "attackSuccess", 100),
('T002',"TIGER01", "호랑이 신봉자 ", "trust", 100),
('C001',"CAT02" , "냥냥 펀치", "attackSuccess", 100),
('C002',"CAT02", "고양이 집사", "trust", 100),
('D001',"DOG03" , "군견병", "attackSuccess", 100),
('D002',"DOG03", "유기견", "defenseFail", 100),
('DE01',"DEER04", "고라니 폭군", "attackSuccess", 100),
('DE02',"DEER04", "고라니 겁쟁이", "distrust", 100),
('P001',"PIG05", "제주도 흑돼지", "attackSuccess", 100),
('P002',"PIG05", "삼겹살", "defenseFail", 100),
('F001',"FOX06", "여우 같은 곰", "attackSuccess", 100),
('F002',"FOX06", "북극 여우", "defenseSucess", 100),
('S001',"SHEEP07", "양치기 소년", "attackSuccess", 100),
('S002',"SHEEP07", "순한 양", "defenseSuccess", 100),
('W001',"WHALE08", "바다의 천사 혹등고래", "defenseSuccess", 100),
('W002',"WHALE08", "범고래", "attackSuccess", 100);


-- 플레이어-업적 데이터 
INSERT INTO player_rewards(player_sequence, rewards_id, created_date, last_modified_date, is_done)
VALUES
(1, "T001", '2024-01-21 12:00:00', '2024-01-23 12:00:00', true),
(1, "T002", '2024-01-21 12:00:00', '2024-01-23 12:00:00', false),
(1, "C001", '2024-01-21 12:00:00', '2024-01-23 12:00:00', false),
(1, "C002", '2024-01-21 12:00:00', '2024-01-23 12:00:00', false),
(1, "D001", '2024-01-21 12:00:00', '2024-01-23 12:00:00', false),
(1, "D002", '2024-01-21 12:00:00', '2024-01-23 12:00:00', false),
(1, "DE01", '2024-01-21 12:00:00', '2024-01-23 12:00:00', false),
(1, "DE02", '2024-01-21 12:00:00', '2024-01-23 12:00:00', false),
(1, "P001", '2024-01-21 12:00:00', '2024-01-23 12:00:00', false),
(1, "P002", '2024-01-21 12:00:00', '2024-01-23 12:00:00', false),
(1, "F001", '2024-01-21 12:00:00', '2024-01-23 12:00:00', false),
(1, "F002", '2024-01-21 12:00:00', '2024-01-23 12:00:00', false),
(1, "S001", '2024-01-21 12:00:00', '2024-01-23 12:00:00', false),
(1, "S002", '2024-01-21 12:00:00', '2024-01-23 12:00:00', false),
(1, "W001", '2024-01-21 12:00:00', '2024-01-23 12:00:00', false),
(1, "W002", '2024-01-21 12:00:00', '2024-01-23 12:00:00', false),
(2, "T001", '2024-01-21 12:00:00', '2024-01-23 12:00:00', true),
(2, "T002", '2024-01-21 12:00:00', '2024-01-23 12:00:00', false),
(2, "C001", '2024-01-21 12:00:00', '2024-01-23 12:00:00', false),
(2, "C002", '2024-01-21 12:00:00', '2024-01-23 12:00:00', false),
(2, "D001", '2024-01-21 12:00:00', '2024-01-23 12:00:00', false),
(2, "D002", '2024-01-21 12:00:00', '2024-01-23 12:00:00', false),
(2, "DE01", '2024-01-21 12:00:00', '2024-01-23 12:00:00', false),
(2, "DE02", '2024-01-21 12:00:00', '2024-01-23 12:00:00', false),
(2, "P001", '2024-01-21 12:00:00', '2024-01-23 12:00:00', false),
(2, "P002", '2024-01-21 12:00:00', '2024-01-23 12:00:00', false),
(2, "F001", '2024-01-21 12:00:00', '2024-01-23 12:00:00', false),
(2, "F002", '2024-01-21 12:00:00', '2024-01-23 12:00:00', false),
(2, "S001", '2024-01-21 12:00:00', '2024-01-23 12:00:00', false),
(2, "S002", '2024-01-21 12:00:00', '2024-01-23 12:00:00', false),
(2, "W001", '2024-01-21 12:00:00', '2024-01-23 12:00:00', false),
(2, "W002", '2024-01-21 12:00:00', '2024-01-23 12:00:00', false);


